{
  "scaler_mean": [
    5.754110961561805,
    0.3895522388059702,
    0.2656716417910448,
    99.24183582089552
  ],
  "scaler_scale": [
    109.19265115889687,
    4.79143932908328,
    1.2403119779429077,
    1.4607729971370036
  ],
  "coef": [
    1.1792750470647178,
    -0.3062707348131549,
    0.01317737731001032,
    0.30315011964586175
  ],
  "intercept": 0.3982863746937924,
  "features": [
    "elo_diff",
    "net_rating_diff",
    "rest_diff",
    "pace_avg"
  ],
  "coef_named": {
    "elo_diff": 1.1792750470647178,
    "net_rating_diff": -0.3062707348131549,
    "rest_diff": 0.01317737731001032,
    "pace_avg": 0.30315011964586175
  }
}